user_id,name,email,username,phone
8908704487,Eulah Metz,davin_fahey@rogahn.net,hugh,FALSE
5223908094,Baylee Beahan,vella_wisoky@littel.org,beahan.baylee,(158) 407-0832
7297489414,Dr. Lew Hilll,gaetano@dicki.name,lew-dr-hilll,FALSE
8489967272,Audra Hickle,erik.runte@starkwitting.name,marguerite_kemmer,FALSE
2656680653,Josefina Kovacek,kovacek.josefina@bartoletti.co,kovacek_josefina,FALSE
9180800320,Helene Batz,batz_helene@beckertromp.org,helene.batz,1-767-786-7298
7006214193,Mollie Mayer Jr.,mayer_mollie_jr@ryan.biz,mollie.jr.mayer,851.474.6962
7635021456,Dr. Annetta Kris,kris.dr.annetta@ryandooley.net,dr.annetta.kris,1-990-323-2125
9661666641,Marcus Fadel,marcus.fadel@hintz.name,isai_carter,FALSE
9460313244,Esther Ritchie,esther_ritchie@yundt.net,esther.ritchie,FALSE
2735961252,Chadd Padberg,hazel@jacobson.net,chelsea,418.541.1459
9287363603,Zora Ullrich,orval_boyer@cummingsgleichner.com,domenica_jacobi,FALSE
2781436871,Lonie Watsica,judson_bartoletti@romagueraquitzon.org,watsica-lonie,394.484.7893
1360064677,Don Bruen,bruen.don@feil.io,foster,FALSE
9914558062,Cullen Osinski,marlee@oconner.net,phyllis.bayer,FALSE
8206933194,Vance Hyatt,yeenia@dach.name,maximillia_hirthe,FALSE
7086097248,Major Osinski I,lucius_lesch@cruickshank.io,major-osinski-i,FALSE
4965516934,Rosetta Bogisich,gillian_osinski@parisiandeckow.co,bogisich_rosetta,FALSE
3959493258,Christina Cassin,cassin_christina@corkery.io,christina.cassin,FALSE
7573193647,Eileen Wolf Jr.,wolf_jr_eileen@kohler.net,wolf.eileen.jr,941.294.0708
1503654922,Afton Bauch,xzavier_glover@blanda.org,markus_hodkiewicz,FALSE
3568770197,Cristopher Rogahn,cristopher.rogahn@brekkegrady.org,idella.nikolaus,608-517-6092
6010270093,Josianne Fisher MD,lawrence.schuster@halvorsonpadberg.co,brain,751-212-6784
8065417477,Susan Pollich,susan.pollich@torpswaniawski.info,darian.carroll,1-660-423-4936
5197279812,Otilia Barton,wiley@hilll.org,otilia.barton,FALSE
2960425447,Brian Nikolaus,jerome@harvey.io,arlo.feest,FALSE
1441918391,Cleta Douglas,douglas.cleta@fadelwatsica.net,felicia.zulauf,FALSE
3555861521,Ms. Reilly Daniel,reilly_daniel_ms@littel.com,hellen,FALSE
3001108796,Miss Marlen Lockman,randi.bergstrom@conn.com,gerard.stiedemann,676-607-1994
5152396348,Albert Kilback,albert.kilback@satterfield.biz,albert_kilback,FALSE
5320999017,Miss Asa Cummings,miss_cummings_asa@walter.name,gerard,899.125.4787
8419661447,Mr. Ryann Ratke,ratke_mr_ryann@collins.co,mr_ratke_ryann,(730) 628-8713
8571548907,Agustina Shields,shields.agustina@dooleylockman.io,agustina_shields,FALSE
6786495344,Reid Auer,audrey.macejkovic@von.com,genesis,FALSE
6307222891,Keanu Haag,keanu_haag@langbaumbach.co,camila,FALSE
5642163114,Devonte Flatley MD,cindy@lindglover.info,clare.beahan,548.976.9519
8010522836,Stewart Dickens,norval.orn@harberyundt.co,matt_huel,672.972.0900
1194273585,Kaden Cummings,cummings.kaden@kuhnwalter.biz,cummings_kaden,848.120.2413
2047450355,Ms. Ezekiel Fay,tiffany_mraz@fritsch.io,myron,150-424-8388
5748042152,Harmony Medhurst,harmony_medhurst@stamm.org,bo,(309) 969-4346
5254094127,Dr. Cathryn Windler,dr.windler.cathryn@graham.biz,erik,FALSE
8057427196,Leann Boyer,bud@tillmangaylord.name,stella,FALSE
8281403939,London Connelly,will@farrell.biz,ruthie.boyle,1-131-072-2862
1119310548,Edmond Wehner,zakary_west@runolfsdottiroreilly.io,antonietta,198.271.4537
5577226855,Miss Raven Ondricka,freddie@lebsack.name,bud_champlin,FALSE
4954709491,Enola Daniel,alicia_hackett@starkwisoky.org,daniel.enola,FALSE
5202354464,Jonathan Adams Jr.,jonathan.adams.jr@jerde.name,waldo.bernier,879.995.8699
9373413610,Ms. Vella Corwin,jayde@sengerhalvorson.org,corwin_ms_vella,FALSE
7980008283,Matilda Gleichner,matilda.gleichner@grimes.co,matilda-gleichner,FALSE
8289484100,Orpha Reichel,krista.zboncak@homenick.io,orpha_reichel,1-595-300-8139
6483798236,Clovis Johns,clovis.johns@boehmfay.com,clovis.johns,FALSE
8001224808,Ignacio Herman MD,devonte@hammes.info,niko.ankunding,270.669.3020
6223638388,Lauretta Reichel,lauretta_reichel@marvin.io,lauretta_reichel,FALSE
3070159670,Mac Cremin,brad@legroskunze.org,geovanni,152-838-6032
6551994147,Conrad Cronin,cronin_conrad@schinner.net,conrad_cronin,FALSE
1786990962,Dereck Predovic,dereck.predovic@pouros.biz,caie,FALSE
1186322391,Cary Donnelly,cary_donnelly@eichmannkuhlman.org,donnelly-cary,FALSE
7642310085,Bailee Blanda,kris_white@parisian.info,eulalia,FALSE
2710861821,Amya Kessler,elisabeth_hane@quigley.biz,destiny_lynch,FALSE
5391539771,Benton Dickens PhD,damian@douglas.net,benton-phd-dickens,837.516.5465
6178057321,Grady Mraz DDS,dds_grady_mraz@herzog.name,rylee.koelpin,FALSE
1354039076,Mandy Jacobi,kailey@hermanpowlowski.biz,bonita,675.339.9919
4071725594,Shanon Littel,quinten_jacobi@kihn.biz,shanon.littel,652-584-2436
3755061221,Celine Kiehn,celine.kiehn@wehnergoldner.info,celine.kiehn,FALSE
4618722857,Ashley Jast,ashley.jast@fisher.net,kip,FALSE
1682182392,Miss Mervin Miller,grant@beier.name,fletcher_casper,(188) 887-9785
6788307937,Marietta Boyer,boyer.marietta@zemlakondricka.name,boyer_marietta,870.179.7568
3463812941,Dagmar Bechtelar,bechtelar.dagmar@williamsonhuels.co,marquis,1-386-914-6726
2865363087,Lesly Hane,jaeden@ebertweber.biz,lesly-hane,FALSE
6614539632,Jerrold Walter,walter_jerrold@wisoky.org,jerrold.walter,501.634.6520
6919817316,Demond Oberbrunner,mackenzie@cruickshankgutmann.com,jamel.sporer,FALSE
5398655230,Otho McLaughlin,mclaughlin_otho@smithamluettgen.co,mclaughlin-otho,(836) 567-4825
1888171588,Miss Mathew Stehr,abigail@brakusmosciski.co,mathew_stehr_miss,FALSE
6250243627,Miller Ziemann,miller_ziemann@koelpin.name,ahmed_kreiger,FALSE
9198452056,Milan Turcotte,milan_turcotte@buckridgejast.biz,mohammed,FALSE
1706418041,Eladio Fay,eladio_fay@sanford.io,myrl,(328) 924-5856
7816705158,Myrtis Medhurst,myrtis.medhurst@swaniawskicole.info,randy_daugherty,FALSE
5925364459,Diamond Parisian,parisian_diamond@goldner.biz,henri_raynor,FALSE
6383699812,Pearl Jakubowski,mohamed.zboncak@howellzieme.org,rickie.schuster,FALSE
9380233090,Dylan Jenkins,dylan.jenkins@bodeosinski.name,jenkins_dylan,FALSE
9772885634,Damaris Gerhold,gerhold.damaris@renner.com,albin_keeling,FALSE
3722200192,Jeffry Haley,noble@pacocha.org,salvatore,FALSE
2362906914,Lorenzo Torp,breanne@runolfsdottir.io,heath_gleason,FALSE
7531258240,Kathleen Towne,towne.kathleen@wuckert.net,tre.bailey,790-099-5491
2344485741,Miss Dario Schultz,marcus_adams@herman.co,reagan.okeefe,(536) 005-1107
1632831577,Zack Nitzsche,zack_nitzsche@ondricka.org,shaina.gibson,FALSE
4629844506,Miss Leslie Farrell,lucy@vonrueden.io,farrell.leslie.miss,FALSE
8758847983,Madaline Bergnaum,bergnaum.madaline@kirlinkutch.info,bergnaum.madaline,FALSE
4068371409,Miss Joshua Wilderman,miss_joshua_wilderman@funk.info,wilderman-miss-joshua,FALSE
9298006623,Katelynn Lakin,lakin_katelynn@quigley.io,lakin-katelynn,FALSE
4970674380,Javonte Block V,javonte.block.v@runtekling.co,kaylin.kulas,1-708-182-6381
6640755149,Tyrel Walker,elta.dooley@beier.biz,tyrel.walker,1-693-645-7525
6278116792,Kelsi Kassulke,kassulke.kelsi@kuphal.name,kelsi_kassulke,FALSE
1693093959,Braden Upton,braden_upton@harberyundt.co,upton-braden,1-929-449-8199
6688485441,Mrs. Horace Predovic,jayce@faheyswift.net,paula.price,(253) 780-0301
7788277599,Clinton Crooks,crooks_clinton@pagac.co,crooks_clinton,457.375.6476
6124738384,Garry Stehr,stehr.garry@koepplittle.io,river_connelly,(268) 598-1653
9155793013,Rocio King,rocio.king@rowecarroll.co,alvena,532.200.4232
5087593474,Janis Schumm Jr.,schumm_janis_jr@berge.co,kayley_maggio,281-383-2562
5363165219,Mrs. Kenyatta Kassulke,pink@heellockman.biz,kassulke-mrs-kenyatta,FALSE
3520952971,Merl Gleichner DVM,merl.gleichner.dvm@halvorsonbrown.io,constance,FALSE
2355444050,Lorenz Terry,judd@pfannerstillmarks.info,terry-lorenz,822.930.0599
4823180493,Miss Bernice Hettinger,hettinger.bernice.miss@mcglynnstreich.com,michelle,FALSE
9341330011,Mariane Nicolas,shaina_schimmel@thielgleichner.com,mariane-nicolas,604.993.3297
9673690281,Mike Flatley,mike.flatley@abshire.com,colin.wilderman,824.161.2338
8703973777,Ms. Abelardo Hilpert,annabell@cormier.com,hilpert_ms_abelardo,712.120.1358
3385939586,Makenzie Gaylord DDS,makenzie_gaylord_dds@witting.co,alexandro,267-485-1370
7309112428,Kenton Hickle,jaren@bartell.com,cristal,FALSE
1656785282,Anita Greenholt,juliet.leffler@funk.name,newell,FALSE
6799015265,Monserrate Osinski,merl@goodwinswift.net,osinski_monserrate,499.442.5784
3349486460,Eino Rau,rau.eino@crooks.org,junius_dietrich,FALSE
4916652769,Desiree Mitchell PhD,desiree_phd_mitchell@hyattgreen.io,athena,(874) 927-2309
2697310786,Adolphus Prohaska,freda@erdmansimonis.name,mae,FALSE
1732030028,Arlene Schuster PhD,ruby@bahringerhilpert.net,schuster.arlene.phd,FALSE
8898505205,Roslyn Marvin,marvin.roslyn@cummingchroeder.net,marvin_roslyn,1-106-328-8035
4905694948,Abdul Daugherty,aaron@osinskigleichner.net,abdul.daugherty,904-031-6610
4677712510,Ms. Deshawn Lowe,lowe_deshawn_ms@nicolaspowlowski.io,ruby,1-300-538-0719
6146450602,Miss Porter Carroll,miss_porter_carroll@wintheiser.info,alex_volkman,580.906.5562
2045102352,Mackenzie Fritsch,fritsch.mackenzie@larsonmann.biz,janae.ohara,FALSE
4052223803,Donnie Kautzer,holly.jones@yostkovacek.com,eugene,FALSE
3847459645,Orie Kulas PhD,phd_kulas_orie@towne.org,janick,344-930-8102
3924428758,Ova Mueller,odea@bashirian.name,mueller-ova,(245) 085-3767
6918179203,Nicola Erdman,bethany@feilmarvin.org,brian_bartoletti,977-111-4088
7827507685,Kattie Conroy,kattie_conroy@ryan.net,wanda,531.643.9750
4190318782,Russel Schultz,schultz.russel@jenkins.biz,russel.schultz,1-476-112-2430
8847916627,Crawford Walker I,perry_miller@oberbrunner.co,crawford.walker.i,276-706-3759
2984996937,Ms. Luther Murazik,murazik_luther_ms@homenick.biz,ms_luther_murazik,1-886-824-0580
9952223211,Mrs. Jeffry Hayes,jeffry_hayes_mrs@hodkiewicz.name,jeffry.mrs.hayes,FALSE
3641604854,Savanah Runolfsdottir,runolfsdottir_savanah@oconnellledner.io,emile_legros,FALSE
4154086328,Kevin Murphy,murphy_kevin@carrollbrekke.net,kevin_murphy,FALSE
9254095988,Dejah Schoen,elva_rice@block.name,dejah.schoen,670.145.1723
7739311050,Jimmy Stark,jimmy_stark@wolff.biz,adrienne,1-649-832-6506
6878578628,Kevon Simonis,kevon_simonis@runolfonrath.info,gustave_shields,1-561-903-2862
8149370232,Eric Hodkiewicz,eric.hodkiewicz@osinskibrekke.biz,zachery,498-860-4472
6918195008,Anya Ziemann,myrtle_effertz@toy.name,consuelo,(559) 448-4875
3027639221,Dana O'Hara III,bernadette.heel@reichertbeer.org,dana_hara_iii_o,FALSE
8615013259,Tatum Vandervort,amya_krajcik@schroeder.co,tatum-vandervort,FALSE
8801636678,Dr. Parker O'Connell,connell_dr_o_parker@huels.io,elliot,385-739-3017
4136470701,Zachariah Borer,michale@konopelskidonnelly.biz,zachariah-borer,932.753.0008
4725500241,Mrs. Simone Berge,alvera_trantow@mccullough.name,simone-mrs-berge,(318) 904-6693
5178014802,Ms. Janessa Waters,hosea_dibbert@goyette.name,emanuel_wintheiser,FALSE
4402885093,D'angelo Kuhic,vidal_sporer@rowekrajcik.org,harley,FALSE
3618131766,Rogers Lynch,marlen.langworth@kuphal.biz,giovanni_satterfield,FALSE
8708397653,Mrs. Denis Gorczany,nelle.beahan@lowe.com,celia,327.889.2779
1038914670,Aida Sauer,aida_sauer@feil.net,ellsworth,FALSE
6808982562,Adrien Pagac,chance.feil@lubowitzschimmel.biz,marjolaine,(557) 251-3557
5935874288,Omari McDermott,omari.mcdermott@heller.org,mcdermott-omari,772-789-3544
4292752955,Constance Monahan,monahan.constance@mosciski.org,jayce,939-022-4625
2687779705,Rosamond Hagenes,hagenes.rosamond@fay.co,hagenes.rosamond,FALSE
2246527362,Michelle Hackett,natasha_langworth@trantow.co,michelle.hackett,FALSE
2015771674,Ada Huel,ada.huel@veum.info,nicklaus,573-033-5890
5254997938,Joyce Corwin,patsy@mcglynnwill.com,myrtice_feeney,FALSE
6034345575,Junius Fisher MD,md.fisher.junius@borerschaden.info,junius_md_fisher,306.195.1159
8488135238,Mrs. Kaley Paucek,arvel@blick.name,albina,FALSE
6941852300,Uriah Brakus MD,md.brakus.uriah@boehm.net,md.uriah.brakus,FALSE
1688688590,Hanna Spencer,anahi@bartolettistreich.io,rosemarie,FALSE
2386085794,Hannah Padberg V,alexanne.becker@halvorson.net,alaina,FALSE
8481793292,Shaun Dibbert,kayli_hane@pagacarmstrong.com,ivah_jenkins,FALSE
3221262770,Rachel Smitham,smitham.rachel@shields.com,rachel-smitham,FALSE
7285199464,Polly Schoen,schoen.polly@pollichbosco.org,schoen.polly,1-402-331-2091
6578147665,Roma Howe,judge@pacochagleason.io,howe.roma,FALSE
8704734122,Heather Lesch,daryl_hayes@dubuque.com,heather-lesch,687.128.4179
6842321016,Dr. Rachelle Okuneva,dr_rachelle_okuneva@botsfordjacobson.io,okuneva_dr_rachelle,833-584-9099
5835857478,Dawn Hilll,dawn_hilll@bailey.com,kasey.rempel,(954) 356-7281
1204709858,Aurelio Vandervort,keyon@haley.io,aurelio.vandervort,(817) 048-4826
7648456163,Weston Sawayn III,lane.okeefe@mohr.net,weston_sawayn_iii,FALSE
1795201753,Hayden Casper,hayden.casper@sipes.net,hayden.casper,FALSE
1940742089,Claire DuBuque,macey@veum.info,claire-dubuque,FALSE
2569245763,Meggie Kovacek,adrain@parkerbaumbach.info,kovacek_meggie,1-829-410-1078
3211081566,Ellie Rippin,eleanore.lemke@kuhicorn.name,rippin_ellie,FALSE
4897781816,Osbaldo Harber,harber_osbaldo@schneider.com,annamarie_heaney,FALSE
9350792960,Miss Roxane Feil,nikko@bashirianbarrows.org,maiya,FALSE
5197479151,Miss Stacy Gleason,danyka@grant.name,nicholaus.schuppe,FALSE
9038837003,Mckenna Volkman,volkman_mckenna@leannon.org,mckenna.volkman,1-566-656-1062
3840441239,Brody Conroy,mckayla_medhurst@ryan.io,brody.conroy,FALSE
5494414937,Kade Marquardt V,grover.will@schulist.biz,kade_v_marquardt,FALSE
4254867347,Obie Denesik,anahi_jast@sauer.info,gayle_graham,572-479-6152
8939095192,Lilla Upton,upton.lilla@corkery.info,upton-lilla,FALSE
7762637074,Berta Pollich,birdie@klein.io,jeanie_mayer,519.076.7733
6234277035,Miss Boris D'Amore,barney_thiel@hamill.co,tamia,197.210.0595
3935778302,Keagan Hane Jr.,hane.jr.keagan@mraz.net,jr.hane.keagan,(862) 143-3943
6740159225,Dr. Gianni Sporer,jalen@kozey.co,dr-gianni-sporer,827-826-7776
4897371041,Jayda Lemke,jayda.lemke@cole.info,lemke.jayda,FALSE
8639227406,Rodger King DDS,king_dds_rodger@schaefersmitham.co,hank.kozey,FALSE
7713813027,Ciara Roberts,iva@paucekcremin.org,laria,310-953-7281
7090108492,Flo Windler,flo_windler@zieme.name,dulce,FALSE
7915763344,Roxane Collins,sabina_johns@hahn.com,julius,FALSE
7593479850,Ms. Roslyn Oberbrunner,oberbrunner_ms_roslyn@gaylord.info,ms-oberbrunner-roslyn,832.717.7518
3738915096,Miss Irwin Windler,miss_irwin_windler@hilpertrath.net,windler.miss.irwin,196.155.2753
2252598895,Isom Powlowski,isom_powlowski@batz.net,dangelo,626.730.7340
5640478763,Brandi Kemmer,era@von.com,reynold_rosenbaum,1-663-129-6865
4811720488,Claudie Quitzon,lucinda_lebsack@kshlerin.net,claudie-quitzon,FALSE
1963528866,Timmothy Batz IV,samantha@schumm.com,timmothy_batz_iv,(529) 478-0492
1822251208,D'angelo Russel,tamia@aufderhar.net,rosina.sanford,FALSE
9414696136,Rick Erdman,tamara_hickle@koepp.co,rick-erdman,1-431-974-5456
2992310851,Ethel Feest PhD,ethel.feest.phd@moriette.biz,alice,FALSE
6526549412,Adonis King,adonis.king@hintz.info,adonis-king,FALSE
9685848060,Eulah McClure,mcclure.eulah@ondricka.io,mcclure_eulah,714-819-1939
6107481078,Ron Raynor,rodrigo.watsica@hills.net,justus_turcotte,1-552-132-3920
2913238521,Kailyn Durgan,durgan.kailyn@hintz.biz,florian,1-363-827-6305
9994882371,Ramiro Ziemann,ramiro_ziemann@luettgen.net,ramiro.ziemann,970-371-8958
8155421345,Rodolfo Roob,rodolfo_roob@gaylord.co,rodolfo-roob,492.671.0931
1799957573,Christophe Kunde,kunde_christophe@nicolasrath.net,tabitha,FALSE
8715344835,Miss Lea Paucek,bartholome_pfannerstill@conroyschneider.io,maci_koepp,FALSE
2040682284,Nestor Reichel,aileen.turcotte@mcdermottmclaughlin.io,victor,627.021.6299
2156899925,Bonita Volkman,bonita_volkman@hyatt.com,dina,FALSE
9874105466,Dorris Moen,kathleen@hudsonpagac.com,moen_dorris,1-269-301-8430
3067104588,Miss Trace Bogisich,thelma_little@jaskolskirodriguez.org,miss.trace.bogisich,(750) 270-9469
2922512803,Mabel Moen,pansy.hodkiewicz@armstrong.org,randi,1-897-258-1501
4081739718,Mrs. Dallas Brown,brown.mrs.dallas@feestwolf.com,brown_dallas_mrs,FALSE
8844861843,Leann Rutherford,rutherford.leann@hahn.info,keira.legros,FALSE
3221645591,Bridie Treutel,hillary@bartoletti.org,jennyfer,1-113-517-2919
4992223372,Marty Denesik,dawn@heathcotestamm.io,marty-denesik,975-088-5365
6106373693,Dorian Donnelly,donnelly.dorian@mohr.com,estelle_ledner,689-478-0182
2602546447,Cory Gerlach,ladarius@kris.com,gerlach_cory,1-441-835-6989
7006373469,Thaddeus Satterfield,wilfrid_lindgren@lockman.info,filomena,485-344-2972
5757028671,Eileen Keeling,marlin@christiansen.info,keeling-eileen,FALSE
6308606907,Avis Kovacek,hattie_howe@walker.org,kovacek_avis,FALSE
1698652486,Mrs. Arnoldo Reichel,mrs_arnoldo_reichel@quitzon.com,reichel.mrs.arnoldo,FALSE
6512606158,Mallie Brakus,antwon@grimes.name,abigale_ferry,FALSE
2839655631,Sandrine Zemlak,zemlak.sandrine@schiller.info,zemlak-sandrine,1-761-266-1202
2931172831,Mrs. Wilson Okuneva,okuneva.mrs.wilson@hermann.name,ophelia.kuhn,FALSE
4200581030,Mittie Hackett V,ollie@upton.info,selmer,FALSE
3760654652,Vincenzo Weber,weber_vincenzo@wolf.org,vincenzo_weber,1-172-784-8570
1485918344,Ms. Missouri Cruickshank,lelia_weinat@mann.biz,missouri_ms_cruickshank,989-455-1810
5723544875,Gunner Bahringer,bahringer_gunner@rempelwatsica.io,gunner-bahringer,114.857.3009
2396030305,Kyler Marvin,marvin.kyler@spinka.io,kyler-marvin,1-135-805-3770
6653365837,Audreanne Schultz,jordy@bosco.name,henri,190.527.5440
3376587468,Wellington Kuvalis DVM,dvm.kuvalis.wellington@walsh.name,kuvalis-dvm-wellington,FALSE
7447164484,Emmanuelle Crooks,jamey.sanford@mcdermottondricka.com,nona,598-872-7645
3530544730,Hilbert Beier,beier_hilbert@oreilly.io,clement_powlowski,FALSE
3649067219,Nyah Schinner,schinner_nyah@barrowshamill.io,schinner-nyah,FALSE
8385057190,Kennedy Schuster Sr.,schuster_kennedy_sr@grimes.info,maud_kub,(749) 975-7641
8827703843,Clifford Boyer,anastacio.leannon@langgusikowski.co,lavada_schuster,FALSE
5792609635,Dane Deckow,elizabeth@rosenbaumhyatt.org,deckow_dane,(891) 283-1092
8361965750,Braeden Batz,delphia@grady.io,jake.wehner,(704) 204-9784
5972524518,Miss Elian Paucek,kraig@mclaughlinluettgen.io,elian.paucek.miss,(913) 031-7011
9265468607,Ms. Anabel McDermott,nigel_miller@cummeratarau.biz,anabel_ms_mcdermott,FALSE
5925178086,Ms. Dalton Blick,rhiannon@cristwalsh.net,dalton.ms.blick,(212) 446-7744
7883674655,Cristian Waters MD,tillman@tremblay.info,cristian.md.waters,FALSE
7106349880,Rhea Langworth,savanna_bosco@pacocha.net,rhea.langworth,291.921.5437
2938709239,Miss Arjun Kohler,arjun.kohler.miss@stammgoldner.org,miss_arjun_kohler,FALSE
4533816391,Mr. Randal Jenkins,hershel_goyette@streich.org,jay.wolf,FALSE
9055623561,Elisa Crist Jr.,crist.jr.elisa@heel.io,jr_elisa_crist,FALSE
8487471080,Marley Welch,marley_welch@nitzsche.co,welch-marley,FALSE
2311178517,Retha Gleichner,ramon_boehm@ondricka.biz,retha_gleichner,FALSE
2615625917,Zoie Runte II,devonte@padberg.io,xzavier,FALSE
6475304004,Nina Thiel,dillon_kuphal@considineward.info,bettye_weber,FALSE
2297067046,Tiffany Reichert,alejandra@tromp.io,roderick,(280) 980-8931
4840627119,Gladyce Crona III,tracy.buckridge@beatty.biz,norma.blanda,(202) 482-9706
2529535947,Toby Rau,maegan.grant@jenkinshyatt.info,toby_rau,(312) 514-9764
4610618283,Sandra Gaylord Jr.,gaylord.sandra.jr@weinat.name,shakira_gerhold,FALSE
5896116615,Issac Raynor Sr.,sr.raynor.issac@damorefay.org,issac-sr-raynor,FALSE
3113135120,Marty Labadie,heidi@carrollanderson.name,eliezer,FALSE
2378381129,Mrs. Vida Ullrich,maryse_crist@kovacek.org,delia_smitham,1-380-407-0694
7532889363,Eliza Howell,eliza.howell@treutel.name,eliza.howell,FALSE
1118184334,Alexandrea Little,krystel_tremblay@hintz.com,evelyn.bode,681-273-1706
1624093745,Aurelia Zulauf,clint_gusikowski@swift.info,zulauf_aurelia,224.765.7335
4395337786,Lyla Leffler,emerson@kaulke.net,lyla.leffler,302.813.7935
1014379494,Luther Toy III,toy.luther.iii@wilkinson.biz,howell,FALSE
8167126524,Lelia White PhD,elva@wuckert.org,phd_lelia_white,(563) 047-3685
8484611806,Douglas Howe,howe_douglas@ryanlarson.org,howe-douglas,FALSE
6380739556,Celine Parisian,celine_parisian@streich.org,celine_parisian,FALSE
2193768702,Miss Orin Johns,dahlia@mullermacejkovic.net,johns.miss.orin,(608) 555-2957
6548777548,Christelle Pfannerstill Jr.,keshawn.nolan@daniel.co,darlene.funk,FALSE
1826826426,Filiberto Collins,filiberto_collins@kulas.org,filiberto.collins,137-140-4744
6390776148,Susan Hermann,hermann_susan@emard.net,franco,FALSE
5112675770,Jerrod Feest,feest_jerrod@lowe.biz,abelardo,FALSE
2463550706,Greta Hilpert,hilpert.greta@batzoreilly.co,hilpert-greta,953.351.6961
1255926949,Pansy Ondricka,ondricka.pansy@blick.info,pansy.ondricka,FALSE
7787748222,Chandler Pacocha,burnice_pagac@beier.org,pacocha-chandler,FALSE
4701308596,Makayla Kiehn IV,tobin@wolff.co,katheryn,FALSE
2213631729,Mr. Timmothy Beer,timmothy.beer.mr@wilderman.info,mr-timmothy-beer,(986) 339-2377
8578576738,Will Hoppe,greta@keeling.org,emilia,1-635-445-0288
4910452456,Roy Reynolds,ebba.leuschke@feilhirthe.co,damien,FALSE
2721573682,Kallie Stracke,kallie_stracke@jacobson.io,stracke_kallie,(391) 508-6133
2797062856,Buck Sanford,buck.sanford@welchcormier.biz,sanford.buck,(881) 121-7658
2861248706,Mr. Charity Huel,grady@beckerkonopelski.org,darrell,(197) 878-7840
6659375423,Chloe Langosh,dudley@wymanauer.biz,chloe.langosh,FALSE
3867490861,Daron Hackett,hackett.daron@lehnermcclure.biz,major.runolfon,679-712-7914
1590584576,Arianna Hahn,arianna_hahn@braun.org,arianna-hahn,(539) 783-7115
1234528335,Dewayne Schulist,billie.nitzsche@legros.info,schulist-dewayne,(614) 695-0394
7175562942,Nathanael Grant,grant.nathanael@stiedemann.net,nathanael.grant,643.362.7135
3488463998,Ms. Glenda Ritchie,wellington.kshlerin@sengergoyette.net,trey,FALSE
8305168597,Heloise Hauck,heloise.hauck@grady.com,hauck_heloise,FALSE
2557673171,Ms. Carmella Shields,einar_kiehn@leuschke.co,shields.carmella.ms,520-453-1498
4510266869,Jaqueline Volkman,volkman.jaqueline@kerluke.info,quinton_wilderman,FALSE
2302830239,Marquis Kilback,marquis_kilback@keeling.co,madyson_roberts,FALSE
2878305875,Kailee Hartmann,gabe_macejkovic@kertzmann.io,ferne,(784) 652-2179
5255327438,Rachael Haag,rebecca@lind.co,fern,287-488-3355
6371853340,Jorge Rogahn,nova@littleadams.info,adalberto_dubuque,FALSE
8184709164,Charlie Cremin,fredrick@keelingstiedemann.biz,charlie-cremin,(870) 356-4957
4112523365,Shany Runolfsdottir,shany_runolfsdottir@hahn.info,runolfsdottir-shany,FALSE
2681404178,Dr. Jimmie Ullrich,ullrich_jimmie_dr@fritschschuster.name,keshaun,FALSE
9635665328,Mylene Ward,therese_dach@raynorcremin.biz,ward.mylene,FALSE
5664312784,Abagail Zulauf,jarrett@batz.info,abagail-zulauf,FALSE
2698631654,Katlyn Veum,veum.katlyn@moenlang.info,katlyn.veum,FALSE
4849209077,Dr. Adelle Hoppe,dr_adelle_hoppe@zboncak.biz,imani.kuhic,FALSE
2794339760,Mrs. Davion VonRueden,carolyne_carter@mcglynnhills.org,jacky,FALSE
4012229013,Erica Gutkowski,gutkowski_erica@medhurst.co,wyatt,668-597-9133
